{
  "selected": {
    "classifier": "SVM-RBF",
    "wavelength_type": "50_selected",
    "n_features": 50,
    "accuracy": 0.8923140776515867,
    "f1_weighted": 0.8884098285420875,
    "f1_macro": 0.9319584512918782,
    "precision_weighted": 0.893790312484798,
    "recall_weighted": 0.8923140776515867,
    "train_time": 1.529015302658081,
    "predict_time": 13.067431926727295
  },
  "full": {
    "classifier": "SVM-RBF",
    "wavelength_type": "full_spectrum",
    "n_features": 204,
    "accuracy": 0.8603554314605893,
    "f1_weighted": 0.8459446052231067,
    "f1_macro": 0.8728605122877906,
    "precision_weighted": 0.8740991513571832,
    "recall_weighted": 0.8603554314605893,
    "train_time": 6.446204423904419,
    "predict_time": 34.63968372344971
  }
}