{
  "selected": {
    "classifier": "SVM-RBF",
    "wavelength_type": "20_selected",
    "n_features": 20,
    "accuracy": 0.8814096517375392,
    "f1_weighted": 0.8774539369512104,
    "f1_macro": 0.911337219472979,
    "precision_weighted": 0.8821738332358968,
    "recall_weighted": 0.8814096517375392,
    "train_time": 3.353203296661377,
    "predict_time": 22.63850474357605
  },
  "full": {
    "classifier": "SVM-RBF",
    "wavelength_type": "full_spectrum",
    "n_features": 204,
    "accuracy": 0.8603554314605893,
    "f1_weighted": 0.8459446052231067,
    "f1_macro": 0.8728605122877906,
    "precision_weighted": 0.8740991513571832,
    "recall_weighted": 0.8603554314605893,
    "train_time": 8.217087030410767,
    "predict_time": 49.04679584503174
  }
}