{
  "selected": {
    "classifier": "SVM-RBF",
    "wavelength_type": "50_selected",
    "n_features": 50,
    "accuracy": 0.8769195940082255,
    "f1_weighted": 0.8719999008809648,
    "f1_macro": 0.9070496318394577,
    "precision_weighted": 0.8798814784530141,
    "recall_weighted": 0.8769195940082255,
    "train_time": 2.063693046569824,
    "predict_time": 17.586146354675293
  },
  "full": {
    "classifier": "SVM-RBF",
    "wavelength_type": "full_spectrum",
    "n_features": 204,
    "accuracy": 0.8603554314605893,
    "f1_weighted": 0.8459446052231067,
    "f1_macro": 0.8728605122877906,
    "precision_weighted": 0.8740991513571832,
    "recall_weighted": 0.8603554314605893,
    "train_time": 6.517533779144287,
    "predict_time": 34.32879042625427
  }
}