{
  "selected": {
    "classifier": "SVM-RBF",
    "wavelength_type": "39_selected",
    "n_features": 39,
    "accuracy": 0.5670970266040689,
    "f1_weighted": 0.49872367197248757,
    "f1_macro": 0.44605899232004564,
    "precision_weighted": 0.6173728663318097,
    "recall_weighted": 0.5670970266040689,
    "train_time": 0.6333785057067871,
    "predict_time": 1.9378106594085693
  },
  "full": {
    "classifier": "SVM-RBF",
    "wavelength_type": "full_spectrum",
    "n_features": 200,
    "accuracy": 0.6404538341158059,
    "f1_weighted": 0.6068502329843536,
    "f1_macro": 0.5398101835022381,
    "precision_weighted": 0.6658325933350708,
    "recall_weighted": 0.6404538341158059,
    "train_time": 0.8527398109436035,
    "predict_time": 2.976062059402466
  }
}