{
  "selected": {
    "classifier": "Random Forest",
    "wavelength_type": "30_selected",
    "n_features": 30,
    "accuracy": 0.7085289514866979,
    "f1_weighted": 0.7049863332910177,
    "f1_macro": 0.6243202028680622,
    "precision_weighted": 0.7176226421673481,
    "recall_weighted": 0.7085289514866979,
    "train_time": 0.7479040622711182,
    "predict_time": 0.06023073196411133
  },
  "full": {
    "classifier": "Random Forest",
    "wavelength_type": "full_spectrum",
    "n_features": 200,
    "accuracy": 0.8088810641627543,
    "f1_weighted": 0.8093716954423802,
    "f1_macro": 0.6938230917261605,
    "precision_weighted": 0.8170333546534423,
    "recall_weighted": 0.8088810641627543,
    "train_time": 1.5943245887756348,
    "predict_time": 0.06097054481506348
  }
}