{
  "selected": {
    "classifier": "PLS-DA",
    "wavelength_type": "20_selected",
    "n_features": 20,
    "accuracy": 0.41607981220657275,
    "f1_weighted": 0.2649002637159947,
    "f1_macro": 0.15365713348920415,
    "precision_weighted": 0.22292945007102088,
    "recall_weighted": 0.41607981220657275,
    "train_time": 0.015237569808959961,
    "predict_time": 0.0017368793487548828
  },
  "full": {
    "classifier": "PLS-DA",
    "wavelength_type": "full_spectrum",
    "n_features": 200,
    "accuracy": 0.4460093896713615,
    "f1_weighted": 0.2975915483529366,
    "f1_macro": 0.18546135635925867,
    "precision_weighted": 0.23153197496007397,
    "recall_weighted": 0.4460093896713615,
    "train_time": 0.04173731803894043,
    "predict_time": 0.005955696105957031
  }
}