{
  "selected": {
    "classifier": "PLS-DA",
    "wavelength_type": "30_selected",
    "n_features": 30,
    "accuracy": 0.45422535211267606,
    "f1_weighted": 0.30455394849601475,
    "f1_macro": 0.19198494702913854,
    "precision_weighted": 0.25999188098853604,
    "recall_weighted": 0.45422535211267606,
    "train_time": 0.020758628845214844,
    "predict_time": 0.0015118122100830078
  },
  "full": {
    "classifier": "PLS-DA",
    "wavelength_type": "full_spectrum",
    "n_features": 200,
    "accuracy": 0.49178403755868544,
    "f1_weighted": 0.3731973255119382,
    "f1_macro": 0.23139648486989509,
    "precision_weighted": 0.35455316879207904,
    "recall_weighted": 0.49178403755868544,
    "train_time": 0.051186561584472656,
    "predict_time": 0.007554769515991211
  }
}