{
  "selected": {
    "classifier": "Random Forest",
    "wavelength_type": "50_selected",
    "n_features": 50,
    "accuracy": 0.9009546089121986,
    "f1_weighted": 0.8995426526368429,
    "f1_macro": 0.9440240852411323,
    "precision_weighted": 0.9003954170052122,
    "recall_weighted": 0.9009546089121986,
    "train_time": 6.592555284500122,
    "predict_time": 0.23130559921264648
  },
  "full": {
    "classifier": "Random Forest",
    "wavelength_type": "full_spectrum",
    "n_features": 204,
    "accuracy": 0.9123872769120477,
    "f1_weighted": 0.9112618633150912,
    "f1_macro": 0.9529638711634298,
    "precision_weighted": 0.9120409101990864,
    "recall_weighted": 0.9123872769120477,
    "train_time": 12.316098928451538,
    "predict_time": 0.26062726974487305
  }
}