{
  "selected": {
    "classifier": "Random Forest",
    "wavelength_type": "30_selected",
    "n_features": 30,
    "accuracy": 0.8963513564502131,
    "f1_weighted": 0.8949893959500431,
    "f1_macro": 0.9356993747966681,
    "precision_weighted": 0.8956485889401514,
    "recall_weighted": 0.8963513564502131,
    "train_time": 4.405415296554565,
    "predict_time": 0.2433018684387207
  },
  "full": {
    "classifier": "Random Forest",
    "wavelength_type": "full_spectrum",
    "n_features": 204,
    "accuracy": 0.9123872769120477,
    "f1_weighted": 0.9112618633150912,
    "f1_macro": 0.9529638711634298,
    "precision_weighted": 0.9120409101990864,
    "recall_weighted": 0.9123872769120477,
    "train_time": 11.992261171340942,
    "predict_time": 0.2735412120819092
  }
}