wavelength_nm,index
1731.19238,139
1721.23096,138
1452.18188,111
1711.26929,137
1701.30737,136
1691.34534,135
1292.66248,100
2056.73877,160
1442.21375,110
2086.78491,163
