{
  "selected": {
    "classifier": "SVM-RBF",
    "wavelength_type": "20_selected",
    "n_features": 20,
    "accuracy": 0.5952660406885759,
    "f1_weighted": 0.5368808471935864,
    "f1_macro": 0.46955760400034857,
    "precision_weighted": 0.6542745822451665,
    "recall_weighted": 0.5952660406885759,
    "train_time": 0.5249202251434326,
    "predict_time": 1.676758050918579
  },
  "full": {
    "classifier": "SVM-RBF",
    "wavelength_type": "full_spectrum",
    "n_features": 200,
    "accuracy": 0.6404538341158059,
    "f1_weighted": 0.6068502329843536,
    "f1_macro": 0.5398101835022381,
    "precision_weighted": 0.6658325933350708,
    "recall_weighted": 0.6404538341158059,
    "train_time": 0.9293477535247803,
    "predict_time": 2.8873744010925293
  }
}