{
  "selected": {
    "classifier": "SVM-RBF",
    "wavelength_type": "30_selected",
    "n_features": 30,
    "accuracy": 0.8799758517903633,
    "f1_weighted": 0.8757600423063143,
    "f1_macro": 0.9113094121147063,
    "precision_weighted": 0.8818396574353667,
    "recall_weighted": 0.8799758517903633,
    "train_time": 2.0132131576538086,
    "predict_time": 15.855930089950562
  },
  "full": {
    "classifier": "SVM-RBF",
    "wavelength_type": "full_spectrum",
    "n_features": 204,
    "accuracy": 0.8603554314605893,
    "f1_weighted": 0.8459446052231067,
    "f1_macro": 0.8728605122877906,
    "precision_weighted": 0.8740991513571832,
    "recall_weighted": 0.8603554314605893,
    "train_time": 6.517533779144287,
    "predict_time": 34.32879042625427
  }
}