{
  "selected": {
    "classifier": "PLS-DA",
    "wavelength_type": "10_selected",
    "n_features": 10,
    "accuracy": 0.3816549069916613,
    "f1_weighted": 0.2142424430936348,
    "f1_macro": 0.10078298114669869,
    "precision_weighted": 0.14969046729474894,
    "recall_weighted": 0.3816549069916613,
    "train_time": 0.0404973030090332,
    "predict_time": 0.0036623477935791016
  },
  "full": {
    "classifier": "PLS-DA",
    "wavelength_type": "full_spectrum",
    "n_features": 204,
    "accuracy": 0.38342829113685245,
    "f1_weighted": 0.21407839112995347,
    "f1_macro": 0.10082561944452652,
    "precision_weighted": 0.14881161918266486,
    "recall_weighted": 0.38342829113685245,
    "train_time": 0.1666879653930664,
    "predict_time": 0.025208711624145508
  }
}