{
  "selected": {
    "classifier": "SVM-RBF",
    "wavelength_type": "10_selected",
    "n_features": 10,
    "accuracy": 0.7787420292042411,
    "f1_weighted": 0.7560318264197929,
    "f1_macro": 0.7247480087654873,
    "precision_weighted": 0.7614741468997511,
    "recall_weighted": 0.7787420292042411,
    "train_time": 4.252589464187622,
    "predict_time": 31.82127857208252
  },
  "full": {
    "classifier": "SVM-RBF",
    "wavelength_type": "full_spectrum",
    "n_features": 204,
    "accuracy": 0.8603554314605893,
    "f1_weighted": 0.8459446052231067,
    "f1_macro": 0.8728605122877906,
    "precision_weighted": 0.8740991513571832,
    "recall_weighted": 0.8603554314605893,
    "train_time": 8.217087030410767,
    "predict_time": 49.04679584503174
  }
}