{
  "selected": {
    "classifier": "SVM-RBF",
    "wavelength_type": "10_selected",
    "n_features": 10,
    "accuracy": 0.5993740219092332,
    "f1_weighted": 0.5526129120056104,
    "f1_macro": 0.5063411150850337,
    "precision_weighted": 0.5657758760619332,
    "recall_weighted": 0.5993740219092332,
    "train_time": 0.37482118606567383,
    "predict_time": 1.4595425128936768
  },
  "full": {
    "classifier": "SVM-RBF",
    "wavelength_type": "full_spectrum",
    "n_features": 200,
    "accuracy": 0.6404538341158059,
    "f1_weighted": 0.6068502329843536,
    "f1_macro": 0.5398101835022381,
    "precision_weighted": 0.6658325933350708,
    "recall_weighted": 0.6404538341158059,
    "train_time": 0.9293477535247803,
    "predict_time": 2.8873744010925293
  }
}