{
  "selected": {
    "classifier": "SVM-RBF",
    "wavelength_type": "10_selected",
    "n_features": 10,
    "accuracy": 0.8068143229068407,
    "f1_weighted": 0.7916332301196919,
    "f1_macro": 0.7540064605055555,
    "precision_weighted": 0.7890319993790028,
    "recall_weighted": 0.8068143229068407,
    "train_time": 1.6949536800384521,
    "predict_time": 13.360337972640991
  },
  "full": {
    "classifier": "SVM-RBF",
    "wavelength_type": "full_spectrum",
    "n_features": 204,
    "accuracy": 0.8603554314605893,
    "f1_weighted": 0.8459446052231067,
    "f1_macro": 0.8728605122877906,
    "precision_weighted": 0.8740991513571832,
    "recall_weighted": 0.8603554314605893,
    "train_time": 6.517533779144287,
    "predict_time": 34.32879042625427
  }
}