{
  "selected": {
    "classifier": "PLS-DA",
    "wavelength_type": "30_selected",
    "n_features": 30,
    "accuracy": 0.4192097026604069,
    "f1_weighted": 0.2685984789132187,
    "f1_macro": 0.15671368808101888,
    "precision_weighted": 0.23113845401982505,
    "recall_weighted": 0.4192097026604069,
    "train_time": 0.017811059951782227,
    "predict_time": 0.001003265380859375
  },
  "full": {
    "classifier": "PLS-DA",
    "wavelength_type": "full_spectrum",
    "n_features": 200,
    "accuracy": 0.4460093896713615,
    "f1_weighted": 0.2975915483529366,
    "f1_macro": 0.18546135635925867,
    "precision_weighted": 0.23153197496007397,
    "recall_weighted": 0.4460093896713615,
    "train_time": 0.04173731803894043,
    "predict_time": 0.005955696105957031
  }
}