{
  "selected": {
    "classifier": "Random Forest",
    "wavelength_type": "30_selected",
    "n_features": 30,
    "accuracy": 0.886956193638456,
    "f1_weighted": 0.8846765384597678,
    "f1_macro": 0.9333706215127517,
    "precision_weighted": 0.8868069594304314,
    "recall_weighted": 0.886956193638456,
    "train_time": 4.9718406200408936,
    "predict_time": 0.21938681602478027
  },
  "full": {
    "classifier": "Random Forest",
    "wavelength_type": "full_spectrum",
    "n_features": 204,
    "accuracy": 0.9123872769120477,
    "f1_weighted": 0.9112618633150912,
    "f1_macro": 0.9529638711634298,
    "precision_weighted": 0.9120409101990864,
    "recall_weighted": 0.9123872769120477,
    "train_time": 12.316098928451538,
    "predict_time": 0.26062726974487305
  }
}