{
  "selected": {
    "classifier": "PLS-DA",
    "wavelength_type": "20_selected",
    "n_features": 20,
    "accuracy": 0.39436619718309857,
    "f1_weighted": 0.22640067374423203,
    "f1_macro": 0.1190060154971239,
    "precision_weighted": 0.1594689464636243,
    "recall_weighted": 0.39436619718309857,
    "train_time": 0.013921260833740234,
    "predict_time": 0.0010018348693847656
  },
  "full": {
    "classifier": "PLS-DA",
    "wavelength_type": "full_spectrum",
    "n_features": 200,
    "accuracy": 0.3955399061032864,
    "f1_weighted": 0.2283633163730931,
    "f1_macro": 0.12478217875793393,
    "precision_weighted": 0.1619781973269344,
    "recall_weighted": 0.3955399061032864,
    "train_time": 0.027751684188842773,
    "predict_time": 0.005570650100708008
  }
}