{
  "selected": {
    "classifier": "SVM-RBF",
    "wavelength_type": "30_selected",
    "n_features": 30,
    "accuracy": 0.5774647887323944,
    "f1_weighted": 0.5106910186452177,
    "f1_macro": 0.45639052380288897,
    "precision_weighted": 0.6443338178897332,
    "recall_weighted": 0.5774647887323944,
    "train_time": 0.6897311210632324,
    "predict_time": 1.9819915294647217
  },
  "full": {
    "classifier": "SVM-RBF",
    "wavelength_type": "full_spectrum",
    "n_features": 200,
    "accuracy": 0.6404538341158059,
    "f1_weighted": 0.6068502329843536,
    "f1_macro": 0.5398101835022381,
    "precision_weighted": 0.6658325933350708,
    "recall_weighted": 0.6404538341158059,
    "train_time": 0.8269641399383545,
    "predict_time": 2.714536190032959
  }
}