{
  "selected": {
    "classifier": "PLS-DA",
    "wavelength_type": "10_selected",
    "n_features": 10,
    "accuracy": 0.4540297339593114,
    "f1_weighted": 0.30405654511361563,
    "f1_macro": 0.19190382542662993,
    "precision_weighted": 0.2620939647234598,
    "recall_weighted": 0.4540297339593114,
    "train_time": 0.015999317169189453,
    "predict_time": 0.0009822845458984375
  },
  "full": {
    "classifier": "PLS-DA",
    "wavelength_type": "full_spectrum",
    "n_features": 200,
    "accuracy": 0.49178403755868544,
    "f1_weighted": 0.3731973255119382,
    "f1_macro": 0.23139648486989509,
    "precision_weighted": 0.35455316879207904,
    "recall_weighted": 0.49178403755868544,
    "train_time": 0.051186561584472656,
    "predict_time": 0.007554769515991211
  }
}