{
  "selected": {
    "classifier": "SVM-RBF",
    "wavelength_type": "20_selected",
    "n_features": 20,
    "accuracy": 0.8771082518960118,
    "f1_weighted": 0.8716137187030361,
    "f1_macro": 0.9207420593798752,
    "precision_weighted": 0.8788188173128333,
    "recall_weighted": 0.8771082518960118,
    "train_time": 1.7586164474487305,
    "predict_time": 13.251693725585938
  },
  "full": {
    "classifier": "SVM-RBF",
    "wavelength_type": "full_spectrum",
    "n_features": 204,
    "accuracy": 0.8603554314605893,
    "f1_weighted": 0.8459446052231067,
    "f1_macro": 0.8728605122877906,
    "precision_weighted": 0.8740991513571832,
    "recall_weighted": 0.8603554314605893,
    "train_time": 6.446204423904419,
    "predict_time": 34.63968372344971
  }
}