{
  "selected": {
    "classifier": "PLS-DA",
    "wavelength_type": "50_selected",
    "n_features": 50,
    "accuracy": 0.5457872693657322,
    "f1_weighted": 0.4143891589457966,
    "f1_macro": 0.313468065065575,
    "precision_weighted": 0.39764196030286203,
    "recall_weighted": 0.5457872693657322,
    "train_time": 0.1017155647277832,
    "predict_time": 0.010422468185424805
  },
  "full": {
    "classifier": "PLS-DA",
    "wavelength_type": "full_spectrum",
    "n_features": 204,
    "accuracy": 0.5361657170886315,
    "f1_weighted": 0.396446688014521,
    "f1_macro": 0.2670344226433272,
    "precision_weighted": 0.35022705483005784,
    "recall_weighted": 0.5361657170886315,
    "train_time": 0.2869241237640381,
    "predict_time": 0.03908896446228027
  }
}