{
  "selected": {
    "classifier": "PLS-DA",
    "wavelength_type": "30_selected",
    "n_features": 30,
    "accuracy": 0.3951486697965571,
    "f1_weighted": 0.22701286368106738,
    "f1_macro": 0.11989972410013619,
    "precision_weighted": 0.16001982632978456,
    "recall_weighted": 0.3951486697965571,
    "train_time": 0.012881040573120117,
    "predict_time": 0.0025391578674316406
  },
  "full": {
    "classifier": "PLS-DA",
    "wavelength_type": "full_spectrum",
    "n_features": 200,
    "accuracy": 0.3955399061032864,
    "f1_weighted": 0.2283633163730931,
    "f1_macro": 0.12478217875793393,
    "precision_weighted": 0.1619781973269344,
    "recall_weighted": 0.3955399061032864,
    "train_time": 0.027751684188842773,
    "predict_time": 0.005570650100708008
  }
}