{
  "selected": {
    "classifier": "PLS-DA",
    "wavelength_type": "30_selected",
    "n_features": 30,
    "accuracy": 0.3828245858959363,
    "f1_weighted": 0.2139676160669724,
    "f1_macro": 0.10128786875756263,
    "precision_weighted": 0.1488898961003658,
    "recall_weighted": 0.3828245858959363,
    "train_time": 0.07056427001953125,
    "predict_time": 0.005707740783691406
  },
  "full": {
    "classifier": "PLS-DA",
    "wavelength_type": "full_spectrum",
    "n_features": 204,
    "accuracy": 0.38342829113685245,
    "f1_weighted": 0.21407839112995347,
    "f1_macro": 0.10082561944452652,
    "precision_weighted": 0.14881161918266486,
    "recall_weighted": 0.38342829113685245,
    "train_time": 0.1666879653930664,
    "predict_time": 0.025208711624145508
  }
}