wavelength_nm,index
1721.23096,138
1731.19238,139
1711.26929,137
1452.18188,111
1701.30737,136
1691.34534,135
1292.66248,100
2046.71863,159
2096.79565,164
2076.77173,162
