wavelength_nm,index
1731.19238,139
1721.23096,138
1711.26929,137
1701.30737,136
1452.18188,111
1292.66248,100
1691.34534,135
2046.71863,159
2056.73877,160
2066.75635,161
