{
  "selected": {
    "classifier": "SVM-RBF",
    "wavelength_type": "30_selected",
    "n_features": 30,
    "accuracy": 0.8848432252952496,
    "f1_weighted": 0.879691160056177,
    "f1_macro": 0.9308371186360369,
    "precision_weighted": 0.8865230911578817,
    "recall_weighted": 0.8848432252952496,
    "train_time": 1.9731590747833252,
    "predict_time": 14.23362946510315
  },
  "full": {
    "classifier": "SVM-RBF",
    "wavelength_type": "full_spectrum",
    "n_features": 204,
    "accuracy": 0.8603554314605893,
    "f1_weighted": 0.8459446052231067,
    "f1_macro": 0.8728605122877906,
    "precision_weighted": 0.8740991513571832,
    "recall_weighted": 0.8603554314605893,
    "train_time": 6.446204423904419,
    "predict_time": 34.63968372344971
  }
}