{
  "selected": {
    "classifier": "PLS-DA",
    "wavelength_type": "50_selected",
    "n_features": 50,
    "accuracy": 0.38316417009395165,
    "f1_weighted": 0.21396729685240837,
    "f1_macro": 0.10147882915519957,
    "precision_weighted": 0.14877164546231889,
    "recall_weighted": 0.38316417009395165,
    "train_time": 0.08642816543579102,
    "predict_time": 0.007840633392333984
  },
  "full": {
    "classifier": "PLS-DA",
    "wavelength_type": "full_spectrum",
    "n_features": 204,
    "accuracy": 0.38342829113685245,
    "f1_weighted": 0.21407839112995347,
    "f1_macro": 0.10082561944452652,
    "precision_weighted": 0.14881161918266486,
    "recall_weighted": 0.38342829113685245,
    "train_time": 0.1666879653930664,
    "predict_time": 0.025208711624145508
  }
}