{
  "selected": {
    "classifier": "SVM-RBF",
    "wavelength_type": "50_selected",
    "n_features": 50,
    "accuracy": 0.8831830358827303,
    "f1_weighted": 0.8787867694106924,
    "f1_macro": 0.9171622304924674,
    "precision_weighted": 0.8862463316798582,
    "recall_weighted": 0.8831830358827303,
    "train_time": 3.70318603515625,
    "predict_time": 28.940336227416992
  },
  "full": {
    "classifier": "SVM-RBF",
    "wavelength_type": "full_spectrum",
    "n_features": 204,
    "accuracy": 0.8603554314605893,
    "f1_weighted": 0.8459446052231067,
    "f1_macro": 0.8728605122877906,
    "precision_weighted": 0.8740991513571832,
    "recall_weighted": 0.8603554314605893,
    "train_time": 8.217087030410767,
    "predict_time": 49.04679584503174
  }
}