{
  "selected": {
    "classifier": "Random Forest",
    "wavelength_type": "20_selected",
    "n_features": 20,
    "accuracy": 0.6811424100156495,
    "f1_weighted": 0.676866626859614,
    "f1_macro": 0.6100653000348591,
    "precision_weighted": 0.6885654640494959,
    "recall_weighted": 0.6811424100156495,
    "train_time": 0.7016897201538086,
    "predict_time": 0.05982494354248047
  },
  "full": {
    "classifier": "Random Forest",
    "wavelength_type": "full_spectrum",
    "n_features": 200,
    "accuracy": 0.8088810641627543,
    "f1_weighted": 0.8093716954423802,
    "f1_macro": 0.6938230917261605,
    "precision_weighted": 0.8170333546534423,
    "recall_weighted": 0.8088810641627543,
    "train_time": 1.5966558456420898,
    "predict_time": 0.061426401138305664
  }
}