{
  "selected": {
    "classifier": "PLS-DA",
    "wavelength_type": "20_selected",
    "n_features": 20,
    "accuracy": 0.4894162924951892,
    "f1_weighted": 0.34322055540035723,
    "f1_macro": 0.19943636181971064,
    "precision_weighted": 0.2815456804051895,
    "recall_weighted": 0.4894162924951892,
    "train_time": 0.06732678413391113,
    "predict_time": 0.004205465316772461
  },
  "full": {
    "classifier": "PLS-DA",
    "wavelength_type": "full_spectrum",
    "n_features": 204,
    "accuracy": 0.4888125872542731,
    "f1_weighted": 0.34222351801087886,
    "f1_macro": 0.1989927875881341,
    "precision_weighted": 0.28414176936289487,
    "recall_weighted": 0.4888125872542731,
    "train_time": 0.22153353691101074,
    "predict_time": 0.02717137336730957
  }
}