{
  "selected": {
    "classifier": "Random Forest",
    "wavelength_type": "10_selected",
    "n_features": 10,
    "accuracy": 0.6402582159624414,
    "f1_weighted": 0.6314101426871697,
    "f1_macro": 0.5598032619225984,
    "precision_weighted": 0.6455623202841152,
    "recall_weighted": 0.6402582159624414,
    "train_time": 0.5790903568267822,
    "predict_time": 0.06051278114318848
  },
  "full": {
    "classifier": "Random Forest",
    "wavelength_type": "full_spectrum",
    "n_features": 200,
    "accuracy": 0.8088810641627543,
    "f1_weighted": 0.8093716954423802,
    "f1_macro": 0.6938230917261605,
    "precision_weighted": 0.8170333546534423,
    "recall_weighted": 0.8088810641627543,
    "train_time": 1.5943245887756348,
    "predict_time": 0.06097054481506348
  }
}