{
  "selected": {
    "classifier": "SVM-RBF",
    "wavelength_type": "10_selected",
    "n_features": 10,
    "accuracy": 0.5647496087636933,
    "f1_weighted": 0.48845794570467477,
    "f1_macro": 0.448963624724506,
    "precision_weighted": 0.5318995945756888,
    "recall_weighted": 0.5647496087636933,
    "train_time": 0.39675331115722656,
    "predict_time": 1.4658851623535156
  },
  "full": {
    "classifier": "SVM-RBF",
    "wavelength_type": "full_spectrum",
    "n_features": 200,
    "accuracy": 0.6404538341158059,
    "f1_weighted": 0.6068502329843536,
    "f1_macro": 0.5398101835022381,
    "precision_weighted": 0.6658325933350708,
    "recall_weighted": 0.6404538341158059,
    "train_time": 0.8527398109436035,
    "predict_time": 2.976062059402466
  }
}