{
  "selected": {
    "classifier": "SVM-RBF",
    "wavelength_type": "20_selected",
    "n_features": 20,
    "accuracy": 0.8752594045957062,
    "f1_weighted": 0.8711569346996159,
    "f1_macro": 0.9041326434631687,
    "precision_weighted": 0.8768028119507545,
    "recall_weighted": 0.8752594045957062,
    "train_time": 1.6055750846862793,
    "predict_time": 14.59637188911438
  },
  "full": {
    "classifier": "SVM-RBF",
    "wavelength_type": "full_spectrum",
    "n_features": 204,
    "accuracy": 0.8603554314605893,
    "f1_weighted": 0.8459446052231067,
    "f1_macro": 0.8728605122877906,
    "precision_weighted": 0.8740991513571832,
    "recall_weighted": 0.8603554314605893,
    "train_time": 6.517533779144287,
    "predict_time": 34.32879042625427
  }
}