{
  "selected": {
    "classifier": "PLS-DA",
    "wavelength_type": "30_selected",
    "n_features": 30,
    "accuracy": 0.4893408293400747,
    "f1_weighted": 0.3428751201116369,
    "f1_macro": 0.19942567632218894,
    "precision_weighted": 0.28144986484230045,
    "recall_weighted": 0.4893408293400747,
    "train_time": 0.08868288993835449,
    "predict_time": 0.0058209896087646484
  },
  "full": {
    "classifier": "PLS-DA",
    "wavelength_type": "full_spectrum",
    "n_features": 204,
    "accuracy": 0.4888125872542731,
    "f1_weighted": 0.34222351801087886,
    "f1_macro": 0.1989927875881341,
    "precision_weighted": 0.28414176936289487,
    "recall_weighted": 0.4888125872542731,
    "train_time": 0.22153353691101074,
    "predict_time": 0.02717137336730957
  }
}