{
  "selected": {
    "classifier": "Random Forest",
    "wavelength_type": "10_selected",
    "n_features": 10,
    "accuracy": 0.6451486697965572,
    "f1_weighted": 0.6372140309357803,
    "f1_macro": 0.5599025661235105,
    "precision_weighted": 0.64890551126797,
    "recall_weighted": 0.6451486697965572,
    "train_time": 0.5385990142822266,
    "predict_time": 0.06053495407104492
  },
  "full": {
    "classifier": "Random Forest",
    "wavelength_type": "full_spectrum",
    "n_features": 200,
    "accuracy": 0.8088810641627543,
    "f1_weighted": 0.8093716954423802,
    "f1_macro": 0.6938230917261605,
    "precision_weighted": 0.8170333546534423,
    "recall_weighted": 0.8088810641627543,
    "train_time": 1.5729353427886963,
    "predict_time": 0.06148695945739746
  }
}