{
  "selected": {
    "classifier": "Random Forest",
    "wavelength_type": "10_selected",
    "n_features": 10,
    "accuracy": 0.6416275430359938,
    "f1_weighted": 0.6339463888047955,
    "f1_macro": 0.5712123557826522,
    "precision_weighted": 0.6481142455376174,
    "recall_weighted": 0.6416275430359938,
    "train_time": 0.5745923519134521,
    "predict_time": 0.06058478355407715
  },
  "full": {
    "classifier": "Random Forest",
    "wavelength_type": "full_spectrum",
    "n_features": 200,
    "accuracy": 0.8088810641627543,
    "f1_weighted": 0.8093716954423802,
    "f1_macro": 0.6938230917261605,
    "precision_weighted": 0.8170333546534423,
    "recall_weighted": 0.8088810641627543,
    "train_time": 1.5966558456420898,
    "predict_time": 0.061426401138305664
  }
}