{
  "selected": {
    "classifier": "PLS-DA",
    "wavelength_type": "10_selected",
    "n_features": 10,
    "accuracy": 0.41471048513302033,
    "f1_weighted": 0.26340664592244867,
    "f1_macro": 0.15280088115134927,
    "precision_weighted": 0.2213562494337574,
    "recall_weighted": 0.41471048513302033,
    "train_time": 0.014394044876098633,
    "predict_time": 0.0
  },
  "full": {
    "classifier": "PLS-DA",
    "wavelength_type": "full_spectrum",
    "n_features": 200,
    "accuracy": 0.4460093896713615,
    "f1_weighted": 0.2975915483529366,
    "f1_macro": 0.18546135635925867,
    "precision_weighted": 0.23153197496007397,
    "recall_weighted": 0.4460093896713615,
    "train_time": 0.04173731803894043,
    "predict_time": 0.005955696105957031
  }
}