{
  "selected": {
    "classifier": "Random Forest",
    "wavelength_type": "20_selected",
    "n_features": 20,
    "accuracy": 0.6834898278560251,
    "f1_weighted": 0.676961779026012,
    "f1_macro": 0.6090130278859069,
    "precision_weighted": 0.6890847199179134,
    "recall_weighted": 0.6834898278560251,
    "train_time": 0.665031909942627,
    "predict_time": 0.06150245666503906
  },
  "full": {
    "classifier": "Random Forest",
    "wavelength_type": "full_spectrum",
    "n_features": 200,
    "accuracy": 0.8088810641627543,
    "f1_weighted": 0.8093716954423802,
    "f1_macro": 0.6938230917261605,
    "precision_weighted": 0.8170333546534423,
    "recall_weighted": 0.8088810641627543,
    "train_time": 1.5729353427886963,
    "predict_time": 0.06148695945739746
  }
}