{
  "selected": {
    "classifier": "Random Forest",
    "wavelength_type": "30_selected",
    "n_features": 30,
    "accuracy": 0.7142018779342723,
    "f1_weighted": 0.7106382244583095,
    "f1_macro": 0.621320195560073,
    "precision_weighted": 0.7221520464159306,
    "recall_weighted": 0.7142018779342723,
    "train_time": 0.7500813007354736,
    "predict_time": 0.061304330825805664
  },
  "full": {
    "classifier": "Random Forest",
    "wavelength_type": "full_spectrum",
    "n_features": 200,
    "accuracy": 0.8088810641627543,
    "f1_weighted": 0.8093716954423802,
    "f1_macro": 0.6938230917261605,
    "precision_weighted": 0.8170333546534423,
    "recall_weighted": 0.8088810641627543,
    "train_time": 1.5966558456420898,
    "predict_time": 0.061426401138305664
  }
}