{
  "selected": {
    "classifier": "Random Forest",
    "wavelength_type": "20_selected",
    "n_features": 20,
    "accuracy": 0.8893710146021205,
    "f1_weighted": 0.8877516750553797,
    "f1_macro": 0.927655763842942,
    "precision_weighted": 0.88882645638039,
    "recall_weighted": 0.8893710146021205,
    "train_time": 3.569223165512085,
    "predict_time": 0.22159385681152344
  },
  "full": {
    "classifier": "Random Forest",
    "wavelength_type": "full_spectrum",
    "n_features": 204,
    "accuracy": 0.9123872769120477,
    "f1_weighted": 0.9112618633150912,
    "f1_macro": 0.9529638711634298,
    "precision_weighted": 0.9120409101990864,
    "recall_weighted": 0.9123872769120477,
    "train_time": 11.992261171340942,
    "predict_time": 0.2735412120819092
  }
}