{
  "selected": {
    "classifier": "Random Forest",
    "wavelength_type": "39_selected",
    "n_features": 39,
    "accuracy": 0.730829420970266,
    "f1_weighted": 0.7280328102860072,
    "f1_macro": 0.6312759092286453,
    "precision_weighted": 0.7400427429773415,
    "recall_weighted": 0.730829420970266,
    "train_time": 0.9177894592285156,
    "predict_time": 0.06068587303161621
  },
  "full": {
    "classifier": "Random Forest",
    "wavelength_type": "full_spectrum",
    "n_features": 200,
    "accuracy": 0.8088810641627543,
    "f1_weighted": 0.8093716954423802,
    "f1_macro": 0.6938230917261605,
    "precision_weighted": 0.8170333546534423,
    "recall_weighted": 0.8088810641627543,
    "train_time": 1.5966558456420898,
    "predict_time": 0.061426401138305664
  }
}