{
  "selected": {
    "classifier": "PLS-DA",
    "wavelength_type": "35_selected",
    "n_features": 35,
    "accuracy": 0.45461658841940533,
    "f1_weighted": 0.3050016640377154,
    "f1_macro": 0.1925116419189224,
    "precision_weighted": 0.2633326431508591,
    "recall_weighted": 0.45461658841940533,
    "train_time": 0.022617340087890625,
    "predict_time": 0.000982522964477539
  },
  "full": {
    "classifier": "PLS-DA",
    "wavelength_type": "full_spectrum",
    "n_features": 200,
    "accuracy": 0.49178403755868544,
    "f1_weighted": 0.3731973255119382,
    "f1_macro": 0.23139648486989509,
    "precision_weighted": 0.35455316879207904,
    "recall_weighted": 0.49178403755868544,
    "train_time": 0.051186561584472656,
    "predict_time": 0.007554769515991211
  }
}