{
  "selected": {
    "classifier": "Random Forest",
    "wavelength_type": "50_selected",
    "n_features": 50,
    "accuracy": 0.8980492774402897,
    "f1_weighted": 0.8968169840374322,
    "f1_macro": 0.9388123417709688,
    "precision_weighted": 0.897428128082776,
    "recall_weighted": 0.8980492774402897,
    "train_time": 6.227507829666138,
    "predict_time": 0.23990654945373535
  },
  "full": {
    "classifier": "Random Forest",
    "wavelength_type": "full_spectrum",
    "n_features": 204,
    "accuracy": 0.9123872769120477,
    "f1_weighted": 0.9112618633150912,
    "f1_macro": 0.9529638711634298,
    "precision_weighted": 0.9120409101990864,
    "recall_weighted": 0.9123872769120477,
    "train_time": 11.992261171340942,
    "predict_time": 0.2735412120819092
  }
}